Datetime,Actual,Predicted,residual,abs_residual,deviation_pct,anomaly_score,anomaly_duration_hours,final_severity,confidence_score
2016-07-07 18:00:00,19083.0,18588.467,494.53299999999945,494.53299999999945,2.660429179017288,-0.002056891224719748,1,Medium,46.33372078711685
2016-07-16 08:00:00,12808.0,13093.004,-285.0040000000008,285.0040000000008,2.1767655459358357,-0.017824989691651583,1,Medium,45.04434688059602
2016-07-23 10:00:00,17650.0,17237.129,412.8709999999992,412.8709999999992,2.395242270333993,-0.047466058588263915,1,Medium,51.59673206294049
2016-08-07 06:00:00,11155.0,11443.116,-288.116,288.116,2.5178107082022065,-0.009145627111231902,1,Medium,46.349613071968434
2016-08-11 08:00:00,17344.0,16940.645,403.35499999999956,403.35499999999956,2.3809896258377385,-0.016377518229671928,1,Medium,46.43489856276345
2016-08-20 09:00:00,14865.0,14519.696,345.3040000000001,345.3040000000001,2.378176512786494,-0.00630742684324459,1,Medium,44.77725159034712
2016-08-27 11:00:00,18026.0,17483.049,542.9510000000009,542.9510000000009,3.1055853015112005,-0.0662135140490493,1,Medium,60.29533801985676
2016-08-28 21:00:00,17683.0,18078.008,-395.00800000000163,395.00800000000163,2.1850194999360637,-0.03276091022155425,1,Medium,47.53545121050358
2016-08-29 18:00:00,21416.0,20925.457,490.5430000000015,490.5430000000015,2.3442403193392694,-0.04253204336029359,1,Medium,50.3895404054949
2016-08-29 21:00:00,19071.0,19518.918,-447.9180000000015,447.9180000000015,2.2947890861573446,-0.03786270059140673,1,Medium,49.23767174642433
2016-08-30 21:00:00,18491.0,19061.566,-570.5659999999989,570.5659999999989,2.9932797756490674,-0.03140456248929335,1,Medium,53.74886617240977
2016-09-04 19:00:00,14985.0,15414.836,-429.83599999999933,429.83599999999933,2.788456523312991,-0.02754134151463583,2,Medium,51.49115616976419
2016-09-04 20:00:00,14667.0,15012.152,-345.15200000000004,345.15200000000004,2.299150714700997,-0.013219578361980733,2,Medium,45.27065994690024
2016-09-05 09:00:00,12078.0,11537.48,540.5200000000004,540.5200000000004,4.684905195935339,-0.08106944326078491,1,High,75.27897594875013
2016-09-05 11:00:00,14214.0,13687.688,526.3119999999999,526.3119999999999,3.845149012747806,-0.07469580730832281,2,Medium,67.55960567857545
2016-09-05 12:00:00,15171.0,14790.508,380.4920000000002,380.4920000000002,2.5725417950485556,-0.04756894411883017,2,Medium,53.02472533266533
2016-09-06 09:00:00,16112.0,15723.284,388.71600000000035,388.71600000000035,2.4722316279474463,-0.025891220781093516,1,Medium,48.70607991305221
2016-09-07 07:00:00,15500.0,15886.17,-386.1700000000001,386.1700000000001,2.4308565248892595,-0.004787449009854061,1,Medium,44.94975397819624
2016-09-07 16:00:00,22021.0,21477.66,543.3400000000001,543.3400000000001,2.5297914204806307,-0.04776340812569835,1,Medium,52.71601523518336
2016-09-07 21:00:00,19806.0,20264.814,-458.8139999999985,458.8139999999985,2.264091839184897,-0.051840337988956375,1,Medium,51.26311552197821
2016-09-08 20:00:00,20128.0,19666.082,461.9180000000015,461.9180000000015,2.3488054204187776,-0.040550439303718155,1,Medium,50.10409082133551
2016-09-10 00:00:00,14508.0,14209.828,298.1720000000005,298.1720000000005,2.098350521906391,-0.03883719275072994,3,Medium,47.832286138781
2016-09-10 01:00:00,12959.0,13779.456,-820.4560000000001,820.4560000000001,5.954197320997288,-0.11059196766646406,3,High,90.1764934387152
2016-09-10 02:00:00,13055.0,12540.581,514.4189999999999,514.4189999999999,4.102034825978158,-0.09753932352537165,3,Medium,73.31388707476691
2016-09-12 21:00:00,15923.0,16413.904,-490.90399999999863,490.90399999999863,2.9907814740478478,-0.015360946182152113,1,Medium,51.123700524249294
2016-09-19 21:00:00,16534.0,17120.84,-586.8400000000001,586.8400000000001,3.427635559937481,-0.04241010627467423,1,Medium,58.993453971213455
2016-09-20 21:00:00,16605.0,17159.22,-554.2200000000012,554.2200000000012,3.229867091860825,-0.021541661242307053,1,Medium,54.03046702084481
2016-09-21 21:00:00,16576.0,17090.174,-514.1739999999991,514.1739999999991,3.008594295178031,-0.00853527028914669,1,Medium,50.157085714700145
2016-09-25 21:00:00,14879.0,15282.752,-403.7520000000004,403.7520000000004,2.641880205868684,-0.01596822785571006,1,Medium,48.44509716984507
2016-09-28 20:00:00,14515.0,15077.942,-562.9419999999991,562.9419999999991,3.733546660412934,-0.01594563831899265,1,Medium,57.130981526748464
2016-10-01 06:00:00,10901.0,10554.936,346.0640000000003,346.0640000000003,3.2786934946834387,-0.00874997909413533,1,Medium,52.34191352253784
2016-10-01 21:00:00,12257.0,12632.958,-375.95800000000054,375.95800000000054,2.976009260855617,-0.0202521792190673,1,Medium,51.800389320840424
2016-10-01 23:00:00,10981.0,11266.937,-285.9369999999999,285.9369999999999,2.5378414736853494,-0.015519668377734108,1,Medium,47.544119211144945
2016-10-02 01:00:00,10000.0,10231.128,-231.1280000000006,231.1280000000006,2.2590666444599323,-0.0012462050257141533,8,Medium,43.0072711876823
2016-10-02 02:00:00,9776.0,10042.061,-266.0609999999997,266.0609999999997,2.6494660807178896,-0.02272100422598422,8,Medium,49.60204502887963
2016-10-02 03:00:00,9623.0,10027.978,-404.97799999999916,404.97799999999916,4.0384811374735685,-0.05751314789686046,8,Medium,66.30826394023575
2016-10-02 04:00:00,9581.0,9995.969,-414.96899999999914,414.96899999999914,4.1513634145924145,-0.06772580836506248,8,Medium,68.86520153625456
2016-10-02 05:00:00,9604.0,10140.586,-536.5859999999993,536.5859999999993,5.2914693490100015,-0.1042244100861417,8,High,83.86723655820313
2016-10-02 06:00:00,9849.0,10302.496,-453.4959999999992,453.4959999999992,4.401807096066809,-0.09182671617274196,8,High,74.77238864361212
2016-10-02 07:00:00,10204.0,10695.815,-491.8150000000005,491.8150000000005,4.598200324145477,-0.11105955979874416,8,High,79.45882794008934
2016-10-02 08:00:00,10627.0,10937.796,-310.7960000000003,310.7960000000003,2.8414865298274012,-0.07206914283793842,8,Medium,59.14401869026281
2016-10-02 21:00:00,12494.0,12806.969,-312.96899999999914,312.96899999999914,2.443739810723358,-0.060239195514827815,1,Medium,54.05696262311666
2016-10-03 05:00:00,11112.0,10567.806,544.1939999999995,544.1939999999995,5.149545705135006,-0.10124665632437402,2,High,82.2539895883981
2016-10-03 06:00:00,12407.0,11861.557,545.4429999999993,545.4429999999993,4.59840980404174,-0.10023116484029515,2,High,77.70210163196118
2016-10-03 08:00:00,13275.0,13875.037,-600.0370000000003,600.0370000000003,4.324579458779103,-0.0808093383393067,1,High,72.36858243594446
2016-10-03 13:00:00,14585.0,14261.232,323.76800000000003,323.76800000000003,2.2702666922465045,-0.024400205622240212,1,Medium,46.85633789785004
2016-10-04 08:00:00,13422.0,14054.87,-632.8700000000008,632.8700000000008,4.5028520363404345,-0.033782056257500304,1,High,66.15098076155026
2016-10-08 21:00:00,12079.0,12490.38,-411.3799999999992,411.3799999999992,3.293574735116139,-0.04172175457574745,1,Medium,57.81456403567219
2016-10-08 23:00:00,10789.0,11232.823,-443.8230000000003,443.8230000000003,3.9511260882504806,-0.06398784391545143,1,Medium,66.66433510053582
2016-10-09 02:00:00,9852.0,10084.739,-232.73899999999958,232.73899999999958,2.307833648446426,-0.023469341931843912,4,Medium,47.00420656737296
2016-10-09 03:00:00,9819.0,10060.476,-241.47600000000057,241.47600000000057,2.4002442826760935,-0.03534477531249547,4,Medium,49.66820518557151
2016-10-09 04:00:00,9798.0,10080.101,-282.10100000000057,282.10100000000057,2.798592990288496,-0.05409527246647938,4,Medium,55.88386237347565
2016-10-09 05:00:00,9958.0,10229.454,-271.4539999999997,271.4539999999997,2.653650918221048,-0.044087295979977514,4,Medium,53.10497018738971
2016-10-09 11:00:00,11631.0,11904.973,-273.97299999999996,273.97299999999996,2.301332392774011,-0.025883993629485236,1,Medium,47.34456599450614
2016-10-09 20:00:00,13041.0,13367.6045,-326.60449999999946,326.60449999999946,2.4432537632303486,-0.039186661126126454,2,Medium,50.634429661620956
2016-10-09 21:00:00,12488.0,12942.172,-454.1720000000005,454.1720000000005,3.5092409527550745,-0.07096974451865778,2,Medium,64.28074684621595
2016-10-10 03:00:00,10656.0,10317.215,338.78499999999985,338.78499999999985,3.2836865375006714,-0.05421848653196548,1,Medium,59.765165476148276
2016-10-14 23:00:00,11512.0,12019.588,-507.58799999999974,507.58799999999974,4.223006645485683,-0.03048147703762516,1,High,63.3874681300605
2016-10-15 20:00:00,12770.0,13066.736,-296.7360000000008,296.7360000000008,2.2709267256949306,-0.0001441761764330307,2,Medium,42.922720731713554
2016-10-15 21:00:00,12225.0,12684.066,-459.0660000000007,459.0660000000007,3.6192337693607133,-0.05344122616481828,2,Medium,62.30986969606525
2016-10-15 23:00:00,10997.0,11277.802,-280.8019999999997,280.8019999999997,2.489864603049421,-0.01812812815269471,1,Medium,47.58580898140961
2016-10-16 03:00:00,9744.0,9974.292,-230.29199999999946,230.29199999999946,2.308855605991879,-5.567590078969786e-06,1,Medium,43.202122441630635
2016-10-16 05:00:00,9743.0,10195.13,-452.1299999999992,452.1299999999992,4.434764441453902,-0.07346588769365758,2,High,72.05316048368064
2016-10-16 06:00:00,10109.0,10399.543,-290.54299999999967,290.54299999999967,2.793805458566782,-0.040044261898088074,2,Medium,53.56404854143658
2016-10-16 08:00:00,10936.0,11257.69,-321.6900000000005,321.6900000000005,2.8575133975087295,-0.048391243212168145,1,Medium,55.426600879448614
2016-10-23 19:00:00,13073.0,12758.373,314.6270000000004,314.6270000000004,2.4660432799699494,-0.03420144096665101,3,Medium,50.00629546160461
2016-10-23 20:00:00,12954.0,13351.838,-397.83799999999974,397.83799999999974,2.9796496931733274,-0.041907828274650005,3,Medium,55.34596901907152
2016-10-23 21:00:00,12354.0,12920.318,-566.3179999999993,566.3179999999993,4.383158371179404,-0.09105774027919433,3,High,74.49907479920488
2016-10-24 04:00:00,10700.0,10993.605,-293.60499999999956,293.60499999999956,2.670689005107966,-0.006793504873750744,2,Medium,47.184553815930805
2016-10-24 05:00:00,11543.0,11291.475,251.52499999999964,251.52499999999964,2.2275654863514256,-0.008160018781764089,2,Medium,43.87924071285806
2016-10-29 20:00:00,12799.0,13097.353,-298.35299999999916,298.35299999999916,2.277964104655339,-0.00034112223645854645,2,Medium,43.01071908145157
2016-10-29 21:00:00,12233.0,12713.592,-480.59200000000055,480.59200000000055,3.780143330067541,-0.04663829549923981,2,Medium,62.48598374020885
2016-10-29 23:00:00,11107.0,11384.621,-277.6209999999992,277.6209999999992,2.438561635033781,-0.010640167801369671,1,Medium,45.96149302400809
2016-10-30 03:00:00,9877.0,10156.358,-279.3580000000002,279.3580000000002,2.7505725969880164,-0.02491800455740778,1,Medium,50.763607428166765
2016-10-30 20:00:00,12979.0,13338.537,-359.53700000000026,359.53700000000026,2.6954755232901495,-0.03339420651812086,2,Medium,51.70146788544503
2016-10-30 21:00:00,12532.0,12939.435,-407.4349999999995,407.4349999999995,3.148785089920847,-0.048085208987242334,2,Medium,57.695397500435725
2016-11-04 17:00:00,13043.0,13585.838,-542.8379999999997,542.8379999999997,3.995616611945467,-0.015214247797027403,1,Medium,59.09826283842769
2016-11-05 17:00:00,12012.0,12409.122,-397.1219999999994,397.1219999999994,3.2002425312604665,-0.01088772370890867,1,Medium,52.06459449026987
2016-11-06 10:00:00,12362.0,12639.89,-277.8899999999994,277.8899999999994,2.1985159680978192,-0.0010907566919423628,1,Medium,42.50005120230264
2016-11-06 19:00:00,13098.0,13640.541,-542.5409999999993,542.5409999999993,3.977415558517798,-0.06628650632995114,3,Medium,67.24687014520558
2016-11-06 20:00:00,12920.0,13385.408,-465.40799999999945,465.40799999999945,3.476980305717984,-0.0651910567530326,3,Medium,63.08556995219682
2016-11-06 21:00:00,12453.0,12958.473,-505.47299999999996,505.47299999999996,3.9007142276717324,-0.0912902873988305,3,Medium,70.69663177317378
2016-11-10 06:00:00,15529.0,15110.675,418.3250000000007,418.3250000000007,2.7684071029255857,-0.0010582425183401911,1,Medium,47.03104608678581
2016-11-12 17:00:00,13530.0,13103.31,426.6900000000005,426.6900000000005,3.256352784143858,-0.02826866780196302,1,Medium,55.3336707914628
2016-11-13 10:00:00,13279.0,13850.375,-571.375,571.375,4.125339566618233,-0.07570362442082845,1,Medium,69.95355033967238
2016-11-13 17:00:00,13524.0,13168.332,355.66799999999967,355.66799999999967,2.700934332457593,-0.04371313237199037,1,Medium,53.42058188223133
2016-11-13 23:00:00,13166.0,12844.1875,321.8125,321.8125,2.5055107611906164,-0.053984292631373054,1,Medium,53.532936282415136
2016-11-15 00:00:00,13145.0,12783.085,361.9150000000009,361.9150000000009,2.8312023271377833,-0.012034503795699703,1,Medium,49.313294965686254
2016-11-18 11:00:00,14164.0,13498.583,665.4169999999995,665.4169999999995,4.929532233124021,-0.05482733496863801,1,High,72.96479705249004
2016-11-19 08:00:00,13644.0,13172.227,471.77299999999923,471.77299999999923,3.581573563832442,-0.0696759451107557,1,Medium,64.64641040130476
2016-11-19 16:00:00,14502.0,14202.313,299.6869999999999,299.6869999999999,2.110128117863618,-0.015276508263075583,2,Medium,44.10007881142522
2016-11-19 17:00:00,15501.0,15086.618,414.3819999999996,414.3819999999996,2.7466858377404373,-0.06163780729566104,2,Medium,56.695498596561734
2016-11-19 23:00:00,13439.0,13162.571,276.4290000000001,276.4290000000001,2.10011402787495,-0.049470346967270595,2,Medium,49.573012595717
2016-11-20 00:00:00,13136.0,12745.534,390.46600000000035,390.46600000000035,3.06355151537786,-0.09181521431791839,2,Medium,64.1181442157473
2016-11-21 07:00:00,17150.0,17664.688,-514.6879999999983,514.6879999999983,2.913654631205478,-0.002881079637109263,1,Medium,48.48320704684054
2016-11-23 18:00:00,15514.0,16297.749,-783.7489999999998,783.7489999999998,4.808940179407597,-0.05996394398720983,1,High,72.83901675223666
2016-11-24 05:00:00,11572.0,12061.681,-489.6810000000005,489.6810000000005,4.05980725240537,-0.07282509271325521,2,Medium,68.96448289165815
2016-11-24 06:00:00,11906.0,12254.364,-348.3639999999996,348.3639999999996,2.8427750310011977,-0.03889713763583891,2,Medium,53.76756289361073
2016-11-24 12:00:00,13093.0,13639.708,-546.7080000000005,546.7080000000005,4.008208973388584,-0.05711347766847874,5,Medium,66.00239926355498
2016-11-24 13:00:00,12357.0,12898.867,-541.8670000000002,541.8670000000002,4.200888341588453,-0.06612820000655906,5,High,68.9999835605743
2016-11-24 14:00:00,11863.0,12212.471,-349.47099999999955,349.47099999999955,2.861591237350734,-0.030468615772280883,5,Medium,52.54865310862101
2016-11-24 15:00:00,11518.0,11783.805,-265.8050000000003,265.8050000000003,2.25568057176778,-0.0019127331633158606,5,Medium,43.08855409766671
2016-11-24 16:00:00,11311.0,11872.951,-561.9509999999991,561.9509999999991,4.733035620209324,-0.08794080250678549,5,High,76.77791060007334
2016-11-24 18:00:00,11855.0,12539.217,-684.2170000000006,684.2170000000006,5.456616629252054,-0.0967263129685747,6,High,83.96419621521751
2016-11-24 19:00:00,11907.0,12503.026,-596.0259999999998,596.0259999999998,4.767053991569719,-0.09822895713661828,6,High,78.71935891644067
2016-11-24 20:00:00,11967.0,12401.561,-434.5609999999997,434.5609999999997,3.5040830747032548,-0.0614023119427316,6,Medium,62.6860611893656
2016-11-24 21:00:00,11888.0,12379.464,-491.46399999999994,491.46399999999994,3.969994177453886,-0.08861094581866535,6,Medium,70.81300201566059
2016-11-24 22:00:00,11641.0,12311.39,-670.3899999999994,670.3899999999994,5.445282782853922,-0.11746585076083738,6,High,87.2418173679234
2016-11-24 23:00:00,11242.0,12177.865,-935.8649999999998,935.8649999999998,7.6849677673385255,-0.13523485386051326,6,Critical,96.78338722639182
2016-11-25 06:00:00,11773.0,12029.977,-256.97700000000077,256.97700000000077,2.136138747397445,-0.057205126240368,3,Medium,51.115795524342275
2016-11-25 07:00:00,12234.0,12698.538,-464.53800000000047,464.53800000000047,3.6582006527050632,-0.09713352601700909,3,Medium,69.71511638135459
2016-11-25 08:00:00,12532.0,13095.194,-563.1939999999995,563.1939999999995,4.300768663679206,-0.11327925041147202,3,High,77.45175208829804
2016-11-25 10:00:00,12968.0,13325.325,-357.3250000000007,357.3250000000007,2.681548104830469,-0.06909399913968317,1,Medium,57.387799758175596
2016-11-25 18:00:00,13700.0,14162.199,-462.1990000000005,462.1990000000005,3.2636104040057656,-0.08823765221042024,1,Medium,65.12964175000037
2016-11-27 17:00:00,14191.0,13741.829,449.1710000000003,449.1710000000003,3.268640586344076,-0.039980804065417264,1,Medium,57.33338253707821
2016-12-05 06:00:00,15794.0,15401.959,392.04099999999926,392.04099999999926,2.5453969848900337,-0.016884000696584578,2,Medium,47.82581053485449
2016-12-05 07:00:00,16316.0,16796.45,-480.4500000000007,480.4500000000007,2.8604258637986044,-0.013374700134699657,2,Medium,49.763542165255146
2016-12-07 16:00:00,15658.0,15223.608,434.3919999999998,434.3919999999998,2.853410308515562,-0.005190858373893992,1,Medium,48.3787471561636
2016-12-16 18:00:00,19857.0,20338.637,-481.6369999999988,481.6369999999988,2.368088874392118,-0.056696196052245296,1,Medium,52.87945086444522
2016-12-18 23:00:00,16147.0,15761.207,385.79299999999967,385.79299999999967,2.4477376637461816,-0.06914612768373807,1,Medium,55.53515772691545
2016-12-19 03:00:00,15642.0,16030.598,-388.59799999999996,388.59799999999996,2.4241017084952166,-0.026152508614525893,1,Medium,48.36540053233334
2016-12-20 00:00:00,17196.0,16830.496,365.5040000000008,365.5040000000008,2.1716769369126188,-0.030153869540147205,1,Medium,47.00589550281077
2016-12-20 17:00:00,18148.0,17758.777,389.2230000000018,389.2230000000018,2.191721873640295,-0.02038580382928068,1,Medium,45.57924138572534
2016-12-24 18:00:00,13553.0,14027.587,-474.58699999999953,474.58699999999953,3.3832404675158996,-0.028236210143179563,1,Medium,56.338412978933334
2016-12-25 19:00:00,12704.0,13115.903,-411.90300000000025,411.90300000000025,3.140485256714694,-0.029722314786488124,3,Medium,54.64743099864067
2016-12-25 20:00:00,12711.0,13007.825,-296.8250000000007,296.8250000000007,2.2818957050852138,-0.009328779378721008,3,Medium,44.501495531342854
2016-12-25 21:00:00,12494.0,12849.672,-355.6720000000005,355.6720000000005,2.7679461390142914,-0.0407866198384359,3,Medium,53.47876051604033
2016-12-26 07:00:00,11998.0,12464.615,-466.6149999999998,466.6149999999998,3.7435171483435297,-0.05806792997009813,2,Medium,64.05047050719598
2016-12-26 08:00:00,12354.0,12811.877,-457.8770000000004,457.8770000000004,3.5738479225175235,-0.06393306577784785,2,Medium,63.652344461855044
2016-12-26 10:00:00,13067.0,13374.462,-307.46199999999953,307.46199999999953,2.2988737789976113,-0.018769437026288083,2,Medium,46.16968209310908
2016-12-26 11:00:00,13077.0,13385.291,-308.29099999999926,308.29099999999926,2.303207304196818,-0.022005418086606388,2,Medium,46.72965871272905
2016-12-26 14:00:00,12331.0,12723.95,-392.9500000000007,392.9500000000007,3.088270544917268,-0.05363986950297461,2,Medium,58.11571423665518
2016-12-26 15:00:00,12233.0,12574.416,-341.41599999999926,341.41599999999926,2.7151638692405218,-0.042916621529672905,2,Medium,53.40450429069266
2016-12-26 18:00:00,13568.0,13858.824,-290.8240000000005,290.8240000000005,2.0984753107478706,-0.015543378248716433,4,Medium,44.0506599608252
2016-12-26 19:00:00,13478.0,13940.667,-462.66699999999946,462.66699999999946,3.318829723140216,-0.07190125893040711,4,Medium,62.91635916177504
2016-12-26 20:00:00,13350.0,13825.688,-475.6880000000001,475.6880000000001,3.440609971814785,-0.08164777543115953,4,Medium,65.46842783839458
2016-12-26 21:00:00,12895.0,13371.658,-476.65799999999945,476.65799999999945,3.5646888366423926,-0.08357323165121255,4,Medium,66.76875245438836
2016-12-26 23:00:00,11569.0,12205.974,-636.9740000000002,636.9740000000002,5.2185429855905,-0.1200653516137743,1,High,85.85911782758404
2016-12-27 03:00:00,10935.0,10568.6045,366.39550000000054,366.39550000000054,3.4668295137735594,-0.09280506350976903,3,Medium,67.48893450361437
2016-12-27 04:00:00,11222.0,10960.239,261.7610000000004,261.7610000000004,2.3882782118163703,-0.056733772994048026,3,Medium,53.046257930075335
2016-12-27 05:00:00,11960.0,11590.142,369.8580000000002,369.8580000000002,3.191142955798127,-0.0900846039761285,3,Medium,64.85272981932135
2016-12-27 17:00:00,15012.0,14621.011,390.9889999999996,390.9889999999996,2.6741584422581965,-0.051196328395974655,1,Medium,54.42262449884335
2016-12-31 18:00:00,15376.0,15769.731,-393.73099999999977,393.73099999999977,2.4967515298770775,-0.020390513652393194,1,Medium,48.008010867446
2017-01-01 10:00:00,13346.0,13736.4375,-390.4375,390.4375,2.84234904428459,-0.019854608845905397,1,Medium,50.67190737812784
2017-01-01 17:00:00,13611.0,13310.275,300.72500000000036,300.72500000000036,2.2593447543345304,-0.005739000623907531,1,Medium,43.73905782955711
2017-01-01 20:00:00,13770.0,14194.05,-424.0499999999993,424.0499999999993,2.987519418347824,-0.04315782249593281,1,Medium,55.6115943994693
2017-01-02 06:00:00,12752.0,13310.356,-558.3559999999998,558.3559999999998,4.194899069566582,-0.06744444073679856,3,High,69.16605034109561
2017-01-02 07:00:00,13338.0,13715.852,-377.85200000000077,377.85200000000077,2.7548562057975015,-0.034999136086583005,3,Medium,52.43475217435433
2017-01-02 08:00:00,13571.0,14084.365,-513.3649999999998,513.3649999999998,3.6449282591014915,-0.07453968586359627,3,Medium,65.94051694988542
2017-01-02 19:00:00,14832.0,15167.47,-335.46999999999935,335.46999999999935,2.2117729588388793,-0.0004526454023100479,2,Medium,42.501954318974775
2017-01-02 20:00:00,14621.0,15042.037,-421.03700000000026,421.03700000000026,2.79906903566319,-0.03371943765599372,2,Medium,52.57887498496372
2017-01-04 17:00:00,17524.0,16925.092,598.9079999999994,598.9079999999994,3.538580469754607,-0.036690396110328316,1,Medium,58.947755782330304
2017-01-09 18:00:00,19837.0,20321.268,-484.26800000000003,484.26800000000003,2.383059954723298,-0.06630262599149539,1,Medium,54.55858127761594
2017-01-10 18:00:00,17799.0,18354.967,-555.9670000000006,555.9670000000006,3.028973029480252,-0.03208770838796604,1,Medium,54.14391501224049
2017-01-17 08:00:00,15558.0,16077.165,-519.1650000000009,519.1650000000009,3.2292073882428953,-0.01083073220576991,1,Medium,52.28589707450807
2017-01-21 19:00:00,13471.0,13912.462,-441.46199999999953,441.46199999999953,3.1731407424509013,-0.02512054681434872,3,Medium,54.160096659068884
2017-01-21 20:00:00,13245.0,13751.938,-506.9380000000001,506.9380000000001,3.6863022506355114,-0.05436157538225228,3,Medium,62.99318092168987
2017-01-21 21:00:00,12859.0,13154.212,-295.21199999999953,295.21199999999953,2.2442393356591754,-0.014812169526060015,3,Medium,45.09218759011325
2017-01-22 19:00:00,13783.0,14093.68,-310.6800000000003,310.6800000000003,2.2043923233676392,-0.001683514123618779,3,Medium,42.64308266021345
2017-01-22 20:00:00,13615.0,14129.502,-514.5020000000004,514.5020000000004,3.641331449615141,-0.04837524548895089,3,Medium,61.663114067188246
2017-01-22 21:00:00,13166.0,13453.677,-287.6769999999997,287.6769999999997,2.138277884923205,-0.0014153457219461263,3,Medium,42.073271394637445
2017-01-23 01:00:00,11613.0,11332.082,280.91799999999967,280.91799999999967,2.478961941856754,-0.007794237522388392,1,Medium,45.820932393311494
2017-01-23 23:00:00,14059.0,13696.878,362.1219999999994,362.1219999999994,2.6438287615615716,-0.02568490348903041,1,Medium,50.038472127173435
2017-01-31 08:00:00,17859.0,18352.648,-493.64800000000105,493.64800000000105,2.6897916856466764,-0.008905458867018767,1,Medium,47.679563678978894
2017-02-05 19:00:00,14907.0,15283.121,-376.1209999999992,376.1209999999992,2.4610221956627787,-0.03625213845714448,1,Medium,50.29933536191601
2017-02-06 19:00:00,15360.0,15928.092,-568.0920000000006,568.0920000000006,3.5666042109751785,-0.05311262399103578,2,Medium,61.837583011062534
2017-02-06 20:00:00,15156.0,15639.611,-483.6110000000008,483.6110000000008,3.0922188537809587,-0.04682729671792485,2,Medium,57.040867114801316
2017-02-09 18:00:00,19138.0,18675.086,462.91400000000067,462.91400000000067,2.4787784109802797,-0.013653599039726072,1,Medium,46.770957362856244
2017-02-10 19:00:00,16895.0,17490.44,-595.4399999999987,595.4399999999987,3.404374046622033,-0.02408561526313191,2,Medium,55.83263022573067
2017-02-10 20:00:00,16588.0,17196.176,-608.1759999999995,608.1759999999995,3.536693274132572,-0.04987076564710191,2,Medium,61.07305843132097
2017-02-11 11:00:00,14238.0,14604.685,-366.6849999999995,366.6849999999995,2.5107354249680807,-0.03407222814561783,1,Medium,50.3410578152835
2017-02-11 13:00:00,13336.0,13632.349,-296.34900000000016,296.34900000000016,2.1738660006430304,-0.020768624710938544,1,Medium,45.49927572134655
2017-02-11 19:00:00,13454.0,14035.883,-581.8829999999998,581.8829999999998,4.1456814651418785,-0.07903745914480231,2,Medium,70.65684215474553
2017-02-11 20:00:00,13292.0,13674.297,-382.2970000000005,382.2970000000005,2.7957342158064904,-0.03835946198146423,2,Medium,53.30581115256146
2017-02-11 23:00:00,11893.0,12202.476,-309.47600000000057,309.47600000000057,2.5361738060374024,-0.03962693813554885,1,Medium,51.445559029707155
2017-02-12 08:00:00,12218.0,12482.671,-264.6710000000003,264.6710000000003,2.1203074245888582,-0.0071600341312642035,1,Medium,42.86309278093473
2017-02-12 18:00:00,13928.0,13437.584,490.41599999999926,490.41599999999926,3.649584627712833,-0.07607083223175459,1,Medium,66.22621987889457
2017-02-12 23:00:00,13189.0,12835.796,353.2039999999997,353.2039999999997,2.751710918434663,-0.04421090254136639,1,Medium,53.905589830486335
2017-02-13 01:00:00,12927.0,12620.427,306.5730000000003,306.5730000000003,2.4291808827070613,-0.024633720280013094,1,Medium,48.15919830972908
2017-02-13 14:00:00,14802.0,15126.384,-324.384,324.384,2.144491373483577,-0.00260725682105023,1,Medium,42.31628134107803
2017-02-13 18:00:00,15971.0,15566.788,404.21199999999953,404.21199999999953,2.596630724334394,-0.02289277586210492,1,Medium,49.20937456155333
2017-02-17 20:00:00,14112.0,14659.499,-547.4989999999998,547.4989999999998,3.734772927778772,-0.024813796003136823,1,Medium,58.58081861037812
2017-02-18 20:00:00,13036.0,13691.22,-655.2199999999993,655.2199999999993,4.7856947737308975,-0.07200930103425163,1,High,74.6099986417309
2017-02-19 17:00:00,12297.0,12043.337,253.66300000000047,253.66300000000047,2.1062517805488667,-0.0009692552191252757,2,Medium,41.74590747107645
2017-02-19 18:00:00,13170.0,12459.182,710.8179999999993,710.8179999999993,5.705173903070035,-0.10077537034581974,2,High,86.60020199760959
2017-02-19 20:00:00,13542.0,14122.892,-580.8919999999998,580.8919999999998,4.113123572707345,-0.0891708051264325,1,Medium,72.04321130680256
2017-02-19 23:00:00,12480.0,12166.689,313.3109999999997,313.3109999999997,2.5751541771142477,-0.0589696570823548,1,Medium,54.8968505432198
2017-02-20 18:00:00,14623.0,14121.014,501.9860000000008,501.9860000000008,3.5548863558948445,-0.06430630280952698,1,Medium,63.562021294573285
2017-02-20 20:00:00,14687.0,15428.8125,-741.8125,741.8125,4.807968856968092,-0.09591709335507104,1,High,78.66961973192394
2017-02-21 20:00:00,14437.0,14994.137,-557.1370000000006,557.1370000000006,3.7156990095528712,-0.025692615540590213,1,Medium,58.57170131047964
2017-02-22 20:00:00,14587.0,15110.801,-523.8009999999995,523.8009999999995,3.466401284749892,-0.00234776899279332,1,Medium,52.796410641724194
2017-02-23 18:00:00,14340.0,13922.863,417.1370000000006,417.1370000000006,2.9960576355595876,-0.0018885192077183754,1,Medium,48.977947278159135
2017-02-23 20:00:00,14154.0,14764.28,-610.2800000000007,610.2800000000007,4.133489746875572,-0.02830755658853268,3,Medium,62.32190577402124
2017-02-23 21:00:00,13423.0,13949.109,-526.1090000000004,526.1090000000004,3.7716315787624883,-0.029734652708805598,3,Medium,59.67329427871752
2017-02-23 22:00:00,13004.0,12683.673,320.3269999999993,320.3269999999993,2.5255066099543826,-0.0059879427447633304,3,Medium,45.89810384084442
2017-02-24 18:00:00,13729.0,13372.674,356.3259999999991,356.3259999999991,2.664583014586306,-0.016847327541802848,1,Medium,48.768563808829
2017-02-24 20:00:00,13531.0,14148.887,-617.8870000000006,617.8870000000006,4.367036078526888,-0.06334290558094136,2,High,69.87020602224261
2017-02-24 21:00:00,13023.0,13422.977,-399.97700000000077,399.97700000000077,2.97979352866358,-0.008210920813162548,2,Medium,49.87516434432716
2017-02-25 04:00:00,10725.0,10380.074,344.9259999999995,344.9259999999995,3.3229628228083867,-0.05503776669559812,1,Medium,60.21084135251593
2017-02-25 09:00:00,13251.0,12915.163,335.83699999999953,335.83699999999953,2.6003310991893755,-0.04027604794245354,1,Medium,52.06165166385544
2017-02-25 18:00:00,14740.0,14351.2705,388.72949999999946,388.72949999999946,2.7086765593331923,-0.06323138574731801,1,Medium,56.65172554401416
2017-02-25 20:00:00,14851.0,15248.005,-397.0049999999992,397.0049999999992,2.6036520843218454,-0.05659003013605768,1,Medium,54.737269772708885
2017-02-25 23:00:00,13709.0,13354.277,354.72299999999996,354.72299999999996,2.6562501287040843,-0.059117071003096044,1,Medium,55.566304118059165
2017-02-26 01:00:00,13093.0,12788.126,304.8739999999998,304.8739999999998,2.384039694322685,-0.0593000290025022,1,Medium,53.42924713386663
2017-02-26 09:00:00,14669.0,15039.519,-370.51900000000023,370.51900000000023,2.463635971336585,-0.052199972212026435,1,Medium,52.90986630241522
2017-02-26 18:00:00,14238.0,13655.176,582.8240000000005,582.8240000000005,4.268154434626112,-0.08534481977069497,2,High,72.65594960444243
2017-02-26 19:00:00,15070.0,14556.714,513.2860000000001,513.2860000000001,3.5261117309854413,-0.08893362108090785,2,Medium,67.33214179393946
2017-02-26 23:00:00,13878.0,13579.702,298.2980000000007,298.2980000000007,2.1966461414249054,-0.05510418782813942,1,Medium,51.256262450794324
2017-02-27 20:00:00,15622.0,16130.435,-508.4349999999995,508.4349999999995,3.1520228685711174,-0.00860422812380679,1,Medium,51.30996027161375
2017-02-28 19:00:00,15218.0,15650.541,-432.54099999999926,432.54099999999926,2.763744716556439,-0.001578448669915633,3,Medium,47.078408840034825
2017-02-28 20:00:00,14883.0,15445.254,-562.2540000000008,562.2540000000008,3.6403027104636854,-0.03606123841482767,3,Medium,59.65528713274681
2017-02-28 21:00:00,14261.0,14647.206,-386.20600000000013,386.20600000000013,2.636721296880785,-0.008000700099727864,3,Medium,47.11020751986961
2017-03-01 23:00:00,13373.0,13003.633,369.3670000000002,369.3670000000002,2.84049080745358,-0.006384626016365247,1,Medium,48.469761953661546
2017-03-02 18:00:00,16226.0,15701.888,524.1119999999992,524.1119999999992,3.3378915962207802,-0.02575125000802625,1,Medium,55.57391468132863
2017-03-03 05:00:00,15512.0,15093.31,418.6900000000005,418.6900000000005,2.7740104721893375,-0.011074936378791533,1,Medium,48.702232131742164
2017-03-04 18:00:00,14778.0,14378.8545,399.14550000000054,399.14550000000054,2.7759200150470993,-0.010129523921447392,1,Medium,48.56390892647137
2017-03-05 18:00:00,13636.0,13231.634,404.366,404.366,3.056054905992714,-0.0214006825244627,1,Medium,52.62404675980871
2017-03-05 20:00:00,14209.0,14657.997,-448.9969999999994,448.9969999999994,3.0631538538314573,-0.023281692465938697,1,Medium,52.986005766693495
2017-03-06 20:00:00,15160.0,15881.111,-721.1110000000008,721.1110000000008,4.54068358315738,-0.04985344486907439,1,High,69.06190527404351
2017-03-08 18:00:00,14395.0,13892.799,502.2009999999991,502.2009999999991,3.6148295242736834,-0.034135049855302246,1,Medium,59.13973464639176
2017-03-09 18:00:00,14319.0,13866.541,452.45900000000074,452.45900000000074,3.2629550512993886,-0.019919709994974277,1,Medium,54.030459499474404
2017-03-11 17:00:00,14617.0,14112.283,504.71700000000055,504.71700000000055,3.5764376323802507,-0.050766188453271965,1,Medium,61.53482471772649
2017-03-12 21:00:00,15831.0,15485.927,345.0730000000003,345.0730000000003,2.2283005725133553,-0.007456961262180872,1,Medium,43.77092431550407
2017-03-14 07:00:00,18014.0,17511.828,502.17199999999866,502.17199999999866,2.8676161049548834,-0.02201702038620501,1,Medium,51.22417873699241
2017-03-14 19:00:00,18637.0,18238.238,398.7619999999988,398.7619999999988,2.186406384213205,-0.019601642786376994,2,Medium,45.40959284786382
2017-03-14 20:00:00,19258.0,18725.613,532.3869999999988,532.3869999999988,2.843095176643877,-0.05731562119111755,2,Medium,56.76103890857631
2017-03-20 20:00:00,15445.0,16031.306,-586.3060000000005,586.3060000000005,3.6572566202653762,-0.025403485123310365,1,Medium,58.059554801518985
2017-03-24 21:00:00,12975.0,13492.437,-517.4369999999999,517.4369999999999,3.8350151273635733,-0.011931924894892032,1,Medium,57.286884020862026
2017-03-24 23:00:00,11616.0,12077.131,-461.1309999999994,461.1309999999994,3.8182164290509015,-0.0031027248150499176,1,Medium,55.71941820970948
2017-03-25 03:00:00,10357.0,10633.978,-276.97799999999916,276.97799999999916,2.6046508653675904,-0.012055303499123315,1,Medium,47.51334625695627
2017-03-25 06:00:00,11222.0,10970.083,251.91699999999946,251.91699999999946,2.296400127510425,-0.0018276959082437205,1,Medium,43.39886860035908
2017-03-25 21:00:00,12324.0,12770.688,-446.6880000000001,446.6880000000001,3.4977598701025356,-0.04756151218456428,1,Medium,60.38815912374438
2017-04-01 00:00:00,11918.0,11611.352,306.64799999999923,306.64799999999923,2.640932769930661,-0.009760517817793746,1,Medium,47.429502447537644
2017-04-01 23:00:00,12114.0,11831.597,282.40300000000025,282.40300000000025,2.3868544542211865,-0.01771084925319999,1,Medium,46.698098008809765
2017-04-14 07:00:00,12281.0,12866.558,-585.5580000000009,585.5580000000009,4.551007347885898,-0.03532257697438179,1,High,66.78445307399068
2017-04-14 09:00:00,12898.0,13426.603,-528.6029999999992,528.6029999999992,3.9369824221361065,-0.0322766316433476,1,Medium,61.402255050500926
2017-04-14 23:00:00,11256.0,11787.1455,-531.1455000000005,531.1455000000005,4.506141881424986,-0.07942264237609686,1,High,73.58861882770204
2017-04-15 05:00:00,10021.0,10348.234,-327.2340000000004,327.2340000000004,3.162220722878902,-0.06381532133655154,1,Medium,60.35671412128743
2017-04-16 04:00:00,9698.0,10057.671,-359.6710000000003,359.6710000000003,3.5760863523970934,-0.03438109396761768,3,Medium,58.871297423567285
2017-04-16 05:00:00,9838.0,10242.136,-404.1360000000004,404.1360000000004,3.9458175521199914,-0.04772983489345928,3,Medium,63.981985622148486
2017-04-16 06:00:00,10089.0,10394.932,-305.9320000000007,305.9320000000007,2.943088035592736,-0.02398037329076308,3,Medium,52.143751100067156
2017-04-16 08:00:00,11158.0,10873.233,284.7669999999998,284.7669999999998,2.618972664340034,-0.017041507269476175,1,Medium,48.43704243600183
2017-04-17 02:00:00,10360.0,10644.536,-284.53600000000006,284.53600000000006,2.6730709539617323,-0.0002677872558477512,1,Medium,46.143820263747855
2017-04-17 08:00:00,13482.0,13919.32,-437.3199999999997,437.3199999999997,3.1418201463864595,-0.01474160974610883,1,Medium,52.225380441930454
2017-04-18 08:00:00,13664.0,14261.629,-597.6290000000008,597.6290000000008,4.190468003339596,-0.02342617482146836,1,High,61.98277245856113
2017-04-23 03:00:00,10374.0,10117.737,256.26300000000083,256.26300000000083,2.532809461246135,-0.020341531629575527,3,Medium,48.28707423152549
2017-04-23 04:00:00,10425.0,10131.347,293.65300000000025,293.65300000000025,2.8984596026569838,-0.026043456189525638,3,Medium,52.12353181508708
2017-04-23 05:00:00,10654.0,10300.9,353.10000000000036,353.10000000000036,3.4278558184236365,-0.03716650548517764,3,Medium,58.14371306748798
2017-04-26 08:00:00,13550.0,14079.584,-529.5840000000007,529.5840000000007,3.7613611311243336,-0.0014272552359614332,1,Medium,54.99478092073511
2017-04-28 08:00:00,13312.0,13840.365,-528.3649999999998,528.3649999999998,3.8175655049559736,-0.013634034078811474,1,Medium,57.42438772565902
2017-04-29 03:00:00,10387.0,10168.693,218.3070000000007,218.3070000000007,2.1468540745600317,-0.010176246123794974,1,Medium,43.56419588325771
2017-04-30 11:00:00,13281.0,12902.343,378.65699999999924,378.65699999999924,2.9347925411686795,-0.016290912437985083,1,Medium,50.829049084603234
2017-05-01 08:00:00,13843.0,14311.479,-468.47899999999936,468.47899999999936,3.273449236099214,-0.0064664222025577756,1,Medium,51.929349141616214
2017-05-02 08:00:00,13336.0,13818.625,-482.625,482.625,3.4925689060959395,-0.007135244265999541,2,Medium,53.78212736482311
2017-05-02 09:00:00,13445.0,13964.139,-519.1389999999992,519.1389999999992,3.7176584965245563,-0.021238283059046292,2,Medium,57.86397163057974
2017-05-03 08:00:00,13509.0,14058.01,-549.0100000000002,549.0100000000002,3.9053180357675106,-0.01884218798767001,1,Medium,58.96862685397032
2017-05-06 23:00:00,11793.0,11290.411,502.58899999999994,502.58899999999994,4.451467710077162,-0.08040948072059972,2,High,73.31366805904958
2017-05-07 00:00:00,10963.0,11232.678,-269.6779999999999,269.6779999999999,2.4008344225660156,-0.02215138335562261,2,Medium,47.53046343091165
2017-05-13 23:00:00,11046.0,11295.625,-249.625,249.625,2.209926409561224,-0.006540139579999438,2,Medium,43.47578767841941
2017-05-14 00:00:00,10402.0,10655.866,-253.86599999999999,253.86599999999999,2.382406085061505,-0.012147328440978655,2,Medium,45.75924436305811
2017-05-14 02:00:00,9850.0,10160.79,-310.7900000000009,310.7900000000009,3.058718859458771,-0.02525464163486546,5,Medium,53.271085543069184
2017-05-14 03:00:00,9798.0,10145.367,-347.3670000000002,347.3670000000002,3.4238978244946696,-0.03621979135911102,5,Medium,57.95847349889243
2017-05-14 04:00:00,9758.0,10149.652,-391.65200000000004,391.65200000000004,3.85877269486678,-0.04663884084479242,5,Medium,63.11195394771134
2017-05-14 05:00:00,9896.0,10352.084,-456.08400000000074,456.08400000000074,4.405721591903627,-0.0713608890585763,5,High,71.4801573602521
2017-05-14 06:00:00,9946.0,10395.92,-449.9200000000001,449.9200000000001,4.327851695665223,-0.081522056129677,5,High,72.51036541750295
2017-05-15 04:00:00,10612.0,10230.587,381.41300000000047,381.41300000000047,3.7281633986397895,-0.04970255053081407,1,Medium,62.56982491656959
2017-05-15 08:00:00,13417.0,13855.24,-438.2399999999998,438.2399999999998,3.1629910416564404,-0.006335201423389281,1,Medium,51.02880469641322
2017-05-16 08:00:00,13480.0,14025.359,-545.3590000000004,545.3590000000004,3.888378186968336,-0.012755587192572526,1,Medium,57.84540077353884
2017-05-22 07:00:00,13138.0,13629.555,-491.5550000000003,491.5550000000003,3.6065374107958794,-0.014315963894520833,1,Medium,55.85536255461104
2017-05-22 09:00:00,13778.0,14285.124,-507.1239999999998,507.1239999999998,3.550014686606849,-0.02060887604602346,1,Medium,56.427336458429366
2017-05-26 07:00:00,12710.0,13304.891,-594.8909999999996,594.8909999999996,4.471220395567312,-0.024120403912996857,1,High,64.33026658525782
2017-05-29 05:00:00,10015.0,10369.894,-354.89400000000023,354.89400000000023,3.4223493509191147,-0.0006424144808171439,1,Medium,52.16883387971702
2017-05-29 08:00:00,11203.0,10881.213,321.78700000000026,321.78700000000026,2.9572713997970657,-0.0061424790700759235,1,Medium,49.36000186108697
2017-05-29 20:00:00,13946.0,14344.167,-398.16699999999946,398.16699999999946,2.7758112409037032,-0.01351597063912413,1,Medium,49.11295901139109
2017-06-04 04:00:00,10407.0,10130.2705,276.72949999999946,276.72949999999946,2.731708891682601,-0.015353537980831722,1,Medium,49.060306437753695
2017-06-05 01:00:00,12145.0,11871.907,273.09300000000076,273.09300000000076,2.300329677447783,-0.017953547986628626,1,Medium,46.04878088224675
2017-06-12 19:00:00,20251.0,19707.99,543.0099999999984,543.0099999999984,2.755278442905636,-0.04247953816749994,1,Medium,53.65283538392133
2017-06-18 06:00:00,11976.0,11727.403,248.59699999999975,248.59699999999975,2.119795832035445,-0.0032004966941651114,1,Medium,42.21604199030354
2017-06-25 20:00:00,13871.0,14493.442,-622.4419999999991,622.4419999999991,4.294645812913172,-0.06041153994047799,1,High,68.81797042763225
2017-06-29 10:00:00,16015.0,15486.456,528.5439999999999,528.5439999999999,3.412943542408927,-0.006777955713619499,1,Medium,53.09029854498529
2017-07-02 21:00:00,15792.0,16203.287,-411.28700000000026,411.28700000000026,2.538293619066306,-0.005525325102449297,1,Medium,45.924763890479156
2017-07-04 06:00:00,11160.0,11695.041,-535.0409999999993,535.0409999999993,4.574939070329034,-0.04441546093062265,1,High,68.45151593394198
2017-07-04 23:00:00,13819.0,13284.551,534.4490000000005,534.4490000000005,4.023086666609963,-0.07137955914588667,1,Medium,68.43745452528171
2017-07-07 14:00:00,17887.0,18633.826,-746.8260000000009,746.8260000000009,4.007904764163843,-0.03253140818924816,1,Medium,62.00816206650311
2017-07-08 12:00:00,15104.0,14789.342,314.65799999999945,314.65799999999945,2.127599726884397,-0.020389626953176032,1,Medium,45.06945652451797
2017-07-18 18:00:00,20883.0,20449.266,433.7340000000004,433.7340000000004,2.121024783970243,-0.009734755495777292,1,Medium,43.28690492078866
2017-07-20 18:00:00,20957.0,20465.963,491.03700000000026,491.03700000000026,2.399286073174276,-0.03061554358312535,1,Medium,48.892610797321765
2017-07-23 09:00:00,14242.0,14606.813,-364.8130000000001,364.8130000000001,2.497553710039282,-0.006692243060302694,1,Medium,45.789971056581834
2017-07-29 09:00:00,13030.0,13391.134,-361.134,361.134,2.696814175707599,-0.015101896239524404,1,Medium,48.74168466916367
2017-07-30 12:00:00,14571.0,14195.804,375.1959999999999,375.1959999999999,2.6430063418739786,-0.014146489539699547,1,Medium,48.15823394255384
2017-08-03 09:00:00,15980.0,15577.888,402.11199999999917,402.11199999999917,2.5812998527143036,-0.0007025113726600862,1,Medium,45.48392541661209
2017-08-05 06:00:00,10906.0,11177.435,-271.4349999999995,271.4349999999995,2.4284194003364767,-0.019664497111943513,1,Medium,47.34619828908309
2017-08-21 14:00:00,20089.0,21484.588,-1395.5879999999997,1395.5879999999997,6.495763381638968,-0.12199852829889568,1,Critical,94.63397614709257
2017-08-21 16:00:00,20785.0,20012.41,772.5900000000001,772.5900000000001,3.8605545259166694,-0.0996255761506667,1,Medium,71.73050965902169
2017-09-03 04:00:00,9861.0,10093.344,-232.34399999999914,232.34399999999914,2.3019526531543875,-0.0162366005165836,2,Medium,45.78288914966118
2017-09-03 05:00:00,9976.0,10244.277,-268.27700000000004,268.27700000000004,2.618798769303095,-0.038107122876487654,2,Medium,51.856446546521
2017-09-03 13:00:00,12769.0,12450.118,318.8819999999996,318.8819999999996,2.561276929262836,-0.01025622265453352,1,Medium,46.87594632160982
2017-09-03 19:00:00,13268.0,13698.176,-430.1759999999995,430.1759999999995,3.140388910173146,-0.04135579112469945,1,Medium,56.53579282265822
2017-09-04 04:00:00,9846.0,10184.874,-338.8739999999998,338.8739999999998,3.327228201350353,-0.01961857908458342,3,Medium,54.49316732468384
2017-09-04 05:00:00,9940.0,10387.065,-447.0650000000005,447.0650000000005,4.304055091597101,-0.05154155533538041,3,High,67.45249452707094
2017-09-04 06:00:00,10067.0,10408.629,-341.6290000000008,341.6290000000008,3.2821709756395463,-0.01823536836820039,3,Medium,53.909900601762246
2017-09-04 13:00:00,14379.0,13881.317,497.6830000000009,497.6830000000009,3.58527220435929,-0.06760555963723192,2,Medium,64.33964690635192
2017-09-04 14:00:00,15021.0,14639.615,381.3850000000002,381.3850000000002,2.60515730775707,-0.05095613098136531,2,Medium,53.83437756266598
2017-09-09 19:00:00,12625.0,13037.773,-412.77299999999923,412.77299999999923,3.1659778092470185,-0.015232433287067026,1,Medium,52.497376457935005
2017-09-10 19:00:00,12866.0,13208.207,-342.20700000000033,342.20700000000033,2.5908664211576964,-0.019998165490399122,1,Medium,48.69344335859256
2017-09-10 21:00:00,12754.0,13094.373,-340.3729999999996,340.3729999999996,2.599383720014693,-0.02104917174536547,2,Medium,48.93191024162593
2017-09-10 22:00:00,11948.0,12257.597,-309.59699999999975,309.59699999999975,2.5257560678491857,-0.018571510927204993,2,Medium,47.943501075416286
2017-09-11 04:00:00,10753.0,10433.403,319.59699999999975,319.59699999999975,3.0632095779296526,-0.021854934609973453,1,Medium,52.754761978558285
2017-09-11 08:00:00,13470.0,13961.64,-491.6399999999994,491.6399999999994,3.5213628198406446,-0.03661630017015627,1,Medium,58.79867282210597
2017-09-16 12:00:00,14507.0,14071.984,435.0159999999996,435.0159999999996,3.0913622414579183,-0.02035695152609185,1,Medium,52.73560086424292
2017-09-17 08:00:00,11344.0,11630.517,-286.5169999999998,286.5169999999998,2.463493239380501,-0.0015164202358040058,1,Medium,44.67836535772267
2017-09-17 11:00:00,13590.0,13221.289,368.71099999999933,368.71099999999933,2.788767418971019,-0.02080884094576385,1,Medium,50.40035832364214
2017-09-17 13:00:00,15014.0,14569.6045,444.39550000000054,444.39550000000054,3.0501548617877754,-0.0394921584054011,1,Medium,55.51490881276684
2017-09-17 21:00:00,14980.0,15320.705,-340.7049999999999,340.7049999999999,2.223820640107619,-0.024739895640129017,1,Medium,46.541793446132836
2017-09-20 21:00:00,16665.0,17207.242,-542.2419999999984,542.2419999999984,3.1512429475914763,-0.0347586173767096,1,Medium,55.550892655854824
2017-09-21 11:00:00,17368.0,16943.941,424.0590000000011,424.0590000000011,2.5027176381220944,-0.010951819012474662,1,Medium,46.52277640145788
2017-09-21 21:00:00,17550.0,18170.521,-620.5210000000006,620.5210000000006,3.4149873853369455,-0.04188577723433473,1,Medium,58.8076314297122
2017-09-22 10:00:00,16540.0,16125.509,414.491,414.491,2.5704056845585463,-0.016683977624289192,1,Medium,47.99239600473821
2017-09-23 21:00:00,15610.0,16081.447,-471.4470000000001,471.4470000000001,2.9316205189744435,-0.0394236997597307,1,Medium,54.560270830800846
2017-09-24 21:00:00,16074.0,16588.033,-514.0329999999994,514.0329999999994,3.0988182866527905,-0.059915238256975756,2,Medium,59.218713320694334
2017-09-24 22:00:00,14695.0,15060.215,-365.21500000000015,365.21500000000015,2.425031780754791,-0.049010830031180785,2,Medium,52.08470475275435
2017-09-25 08:00:00,14622.0,15036.624,-414.6239999999998,414.6239999999998,2.7574274651012076,-0.011793031788515207,1,Medium,48.686842672058475
2017-09-25 21:00:00,17166.0,17758.9,-592.9000000000015,592.9000000000015,3.338607684034492,-0.06075896983145945,1,Medium,61.264423528352246
2017-09-26 12:00:00,18307.0,17890.055,416.9449999999997,416.9449999999997,2.3305965241582527,-0.011061818820042757,1,Medium,45.17057262209647
2017-09-26 21:00:00,17410.0,18124.725,-714.7249999999985,714.7249999999985,3.943370175271617,-0.06996325016437954,1,Medium,67.57292887783505
2017-09-27 21:00:00,16480.0,17145.584,-665.5839999999989,665.5839999999989,3.881955843557146,-0.05562583137634358,1,Medium,64.75586249104438
2017-09-28 08:00:00,14004.0,14437.876,-433.8760000000002,433.8760000000002,3.005123468299632,-0.017660517655491925,1,Medium,51.611282509218846
2017-09-30 06:00:00,10864.0,10505.21,358.7900000000009,358.7900000000009,3.4153529534393017,-0.0332999943584964,1,Medium,57.41631927333495
2017-09-30 21:00:00,12050.0,12491.173,-441.1730000000007,441.1730000000007,3.5318780710186357,-0.04481287262921485,1,Medium,60.21339235391947
2017-09-30 23:00:00,10948.0,11296.287,-348.28700000000026,348.28700000000026,3.0831989307637127,-0.0367550394733005,1,Medium,55.33346286608578
2017-10-01 03:00:00,9835.0,10062.473,-227.47299999999996,227.47299999999996,2.2606073079649502,-0.015974432831262653,1,Medium,45.41121175694491
2017-10-01 10:00:00,11502.0,11780.331,-278.33100000000013,278.33100000000013,2.362675547911176,-0.024487887032377142,1,Medium,47.606141223953315
2017-10-01 21:00:00,12510.0,13021.708,-511.70800000000054,511.70800000000054,3.929653467886091,-0.07489060817934468,1,Medium,68.263885629403
2017-10-02 08:00:00,13593.0,13995.251,-402.2510000000002,402.2510000000002,2.874196397049258,-0.009787953422278228,1,Medium,49.2907121026293
2017-10-07 12:00:00,14316.0,13952.994,363.0059999999994,363.0059999999994,2.601635175934279,-0.013896790226198275,1,Medium,47.78837572447314
2017-10-07 21:00:00,14317.0,14627.858,-310.8580000000002,310.8580000000002,2.1251094999691698,-0.016021364520928616,1,Medium,44.34028426242392
2017-10-08 08:00:00,11558.0,11815.316,-257.3160000000007,257.3160000000007,2.1778173347204652,-0.006239485316742677,1,Medium,43.17138031575581
2017-10-08 23:00:00,12643.0,12326.303,316.6970000000001,316.6970000000001,2.569278071454191,-0.025542976260638395,1,Medium,49.42200912913572
2017-10-15 05:00:00,10510.0,10166.154,343.84599999999955,343.84599999999955,3.3822623580166065,-0.0330468646880866,1,Medium,57.11181649785996
2017-10-15 20:00:00,13611.0,14022.516,-411.5159999999996,411.5159999999996,2.9346801957651514,-0.022206048462995787,1,Medium,51.788697754513564
2017-10-16 08:00:00,13618.0,14108.422,-490.4220000000005,490.4220000000005,3.476093924607589,-0.017171260364240215,1,Medium,55.280709696256636
2017-10-22 07:00:00,10924.0,10657.573,266.4269999999997,266.4269999999997,2.499884354533623,-0.01105785911152668,1,Medium,46.517443320380735
2017-10-22 21:00:00,12617.0,12919.231,-302.23099999999977,302.23099999999977,2.3393884666974354,-0.005192746200016418,1,Medium,44.28749276362559
2017-10-23 05:00:00,11388.0,11069.942,318.0580000000009,318.0580000000009,2.8731677184939266,-0.012301805253344344,1,Medium,49.690741521458165
2017-11-04 20:00:00,12871.0,13214.562,-343.5619999999999,343.5619999999999,2.599874290195921,-0.012697966563205876,2,Medium,47.579685525641324
2017-11-04 21:00:00,12343.0,12796.219,-453.21899999999914,453.21899999999914,3.541819657822355,-0.03684623036102885,2,Medium,58.99884488808553
2017-11-05 19:00:00,13325.0,13828.316,-503.3160000000007,503.3160000000007,3.639749048257219,-0.05491382951912516,3,Medium,62.71230127700038
2017-11-05 20:00:00,13059.0,13383.89,-324.8899999999994,324.8899999999994,2.427470638207572,-0.010111420108315339,3,Medium,45.787347924253105
2017-11-05 21:00:00,12576.0,12924.969,-348.96899999999914,348.96899999999914,2.6999600540627924,-0.02747317445560027,3,Medium,50.77566391946293
2017-11-08 00:00:00,12975.0,12609.395,365.60499999999956,365.60499999999956,2.8994650417406986,-0.013820791069678484,1,Medium,50.14672950272188
2017-11-20 01:00:00,14068.0,13762.836,305.16400000000067,305.16400000000067,2.217304631109465,-0.015130272749867335,1,Medium,44.92944603580259
2017-11-23 12:00:00,14118.0,14641.098,-523.098,523.098,3.572805810056049,-0.007262966244900526,1,Medium,54.441545287821
2017-11-26 05:00:00,13051.0,12780.655,270.34499999999935,270.34499999999935,2.1152671752738756,-0.01173971703549126,1,Medium,43.56665522552703
2017-11-26 17:00:00,14541.0,14152.161,388.83899999999994,388.83899999999994,2.74755918901714,-0.040029211064693704,1,Medium,53.19348893195353
2017-11-27 11:00:00,15584.0,16467.65,-883.6500000000015,883.6500000000015,5.365975108773878,-0.06737119889894194,1,High,78.4758015280454
2017-12-03 17:00:00,14232.0,13813.072,418.9279999999999,418.9279999999999,3.03283730078291,-0.03186983649898323,1,Medium,54.13929458774501
2017-12-04 11:00:00,15449.0,16011.916,-562.9159999999993,562.9159999999993,3.515606751871539,-0.035817685353469964,1,Medium,58.62317021519924
2017-12-09 14:00:00,16196.0,15855.697,340.3029999999999,340.3029999999999,2.1462506504759764,-0.010294709401056479,1,Medium,43.57862962059339
2017-12-23 12:00:00,14601.0,14158.496,442.5040000000008,442.5040000000008,3.125360207750886,-0.027724353231724286,2,Medium,54.20259359703183
2017-12-23 13:00:00,14219.0,14602.102,-383.10200000000077,383.10200000000077,2.6236085736149546,-0.004463246391254727,2,Medium,46.43139406000601
2017-12-24 22:00:00,14145.0,13852.297,292.7029999999995,292.7029999999995,2.113028619008093,-0.02319375624284503,2,Medium,45.408826970670006
2017-12-24 23:00:00,13892.0,13588.294,303.70600000000013,303.70600000000013,2.2350561446492114,-0.029941260443117512,2,Medium,47.47586245687028
2017-12-25 05:00:00,14387.0,14816.352,-429.35200000000077,429.35200000000077,2.897825321644631,-0.023988637929909462,1,Medium,51.78480662840746
2017-12-27 08:00:00,19424.0,19020.455,403.54499999999825,403.54499999999825,2.1216369429648148,-0.028510381200871904,1,Medium,46.340700678958726
2017-12-27 17:00:00,19342.0,18834.953,507.04699999999866,507.04699999999866,2.692053439156438,-0.05349882391049077,1,Medium,54.938962846292284
2017-12-27 23:00:00,18796.0,18389.723,406.2769999999982,406.2769999999982,2.209261118288721,-0.055597193486100704,1,Medium,51.43673422245148
2017-12-30 11:00:00,17735.0,17369.832,365.1680000000015,365.1680000000015,2.1023116400895616,-0.038965096282331135,1,Medium,47.884586140074695
2017-12-30 22:00:00,18150.0,17744.666,405.3339999999989,405.3339999999989,2.284258266681373,-0.06879788509760343,2,Medium,54.17732838263677
2017-12-30 23:00:00,17761.0,17323.402,437.5980000000018,437.5980000000018,2.5260511763220745,-0.08685230351423145,2,Medium,59.03378319132355
2017-12-31 09:00:00,19254.0,18832.85,421.15000000000146,421.15000000000146,2.2362520808056217,-0.0741767981007383,1,Medium,54.66867120715193
2017-12-31 23:00:00,18687.0,18210.115,476.8849999999984,476.8849999999984,2.618791808838101,-0.10268723650431888,1,Medium,62.34338098574759
2018-01-01 06:00:00,19585.0,20018.576,-433.57600000000093,433.57600000000093,2.1658683414844337,-0.0834856101839151,1,Medium,55.620056683599735
2018-01-03 18:00:00,20676.0,21124.33,-448.33000000000175,448.33000000000175,2.1223395014185145,-0.06612383216782769,1,Medium,52.45423946076144
2018-01-05 18:00:00,21946.0,22593.598,-647.5980000000018,647.5980000000018,2.866289822453253,-0.08321942487112066,1,Medium,61.15211446381742
2018-01-05 22:00:00,21216.0,20775.418,440.5819999999985,440.5819999999985,2.120688979639295,-0.07855887601345013,1,Medium,54.46039458767298
2018-01-06 07:00:00,22085.0,22645.32,-560.3199999999997,560.3199999999997,2.474330236887797,-0.11487643338967157,1,Medium,63.17285243073298
2018-01-06 22:00:00,21208.0,20672.426,535.5740000000005,535.5740000000005,2.5907651090394546,-0.10603668956552226,1,Medium,62.66419995636422
2018-01-07 18:00:00,19267.0,19722.336,-455.33599999999933,455.33599999999933,2.3087325963820886,-0.10293492671651183,1,Medium,59.915563312750805
2018-01-12 23:00:00,15887.0,15385.978,501.02200000000084,501.02200000000084,3.256354584674441,-0.03989123699621522,1,Medium,57.22104267448842
2018-01-15 18:00:00,19494.0,19956.818,-462.8179999999993,462.8179999999993,2.3190971626839474,-0.05033890681317388,1,Medium,51.457138890718596
2018-01-19 09:00:00,19812.0,20400.064,-588.0639999999985,588.0639999999985,2.882657623034901,-0.06023338207523077,1,Medium,57.54975920165346
2018-01-22 20:00:00,15173.0,15646.627,-473.6270000000004,473.6270000000004,3.0270230126914917,-0.027440231624191624,1,Medium,53.37370190764076
2018-01-26 10:00:00,17366.0,17787.732,-421.73199999999997,421.73199999999997,2.370914965437977,-0.011066969902273849,1,Medium,45.492339734920584
2018-01-26 18:00:00,15458.0,15910.092,-452.09200000000055,452.09200000000055,2.8415423367759316,-0.010820266714308358,1,Medium,49.198423705188446
2018-01-27 19:00:00,14735.0,15126.8125,-391.8125,391.8125,2.5901854736415886,-0.023139809182816884,1,Medium,49.19818610173201
2018-01-28 18:00:00,14968.0,14561.637,406.3629999999994,406.3629999999994,2.7906409148916387,-0.02575858269559883,1,Medium,51.219046322910515
2018-02-03 18:00:00,17330.0,17710.191,-380.1909999999989,380.1909999999989,2.146735741020517,-0.010663255885478118,3,Medium,43.64233815740438
2018-02-03 19:00:00,17325.0,17765.162,-440.16200000000026,440.16200000000026,2.4776694971878124,-0.027038680753476374,3,Medium,48.93569771139564
2018-02-03 20:00:00,17098.0,17521.92,-423.91999999999825,423.91999999999825,2.4193695668054547,-0.03590172495744126,3,Medium,49.91088202390273
2018-02-04 18:00:00,16928.0,17298.81,-370.8100000000013,370.8100000000013,2.1435578516672606,-0.005344404530171376,1,Medium,42.75332861096531
2018-02-05 06:00:00,18605.0,19007.5,-402.5,402.5,2.117585163751151,-0.0007837946165484277,1,Medium,41.80600358955765
2018-02-17 20:00:00,16094.0,16512.31,-418.3100000000013,418.3100000000013,2.5333221093838554,-0.014336445023868771,1,Medium,47.31600509885817
2018-02-18 09:00:00,14718.0,15191.182,-473.1820000000007,473.1820000000007,3.1148464944992473,-0.040310954290603385,2,Medium,56.162809597749245
2018-02-18 10:00:00,14309.0,14930.879,-621.8790000000008,621.8790000000008,4.16505284116227,-0.0855837103355882,2,Medium,71.87406432513013
2018-02-18 18:00:00,14495.0,14194.378,300.6219999999994,300.6219999999994,2.117894845409918,-0.03586450187646095,1,Medium,47.5051297176645
2018-02-19 05:00:00,14010.0,14348.622,-338.6219999999994,338.6219999999994,2.3599618137546545,-0.01036937143864336,1,Medium,45.291872648732905
2018-02-19 20:00:00,14814.0,15477.915,-663.9150000000009,663.9150000000009,4.289434332725053,-0.0793667410109038,1,High,71.8545713748415
2018-02-20 08:00:00,14433.0,14834.794,-401.79399999999987,401.79399999999987,2.7084568885823415,-0.0061132465701903005,1,Medium,47.37471697629542
2018-02-22 20:00:00,15155.0,15752.849,-597.8490000000002,597.8490000000002,3.7951801607442577,-0.018335785801601556,1,Medium,58.00970742526615
2018-02-23 20:00:00,13656.0,14257.426,-601.4259999999995,601.4259999999995,4.218335062724502,-0.0377152528239697,1,High,64.52495608138841
2018-02-24 18:00:00,13673.0,13340.42,332.5799999999999,332.5799999999999,2.493024957235229,-0.01971901437300927,1,Medium,47.86930478246473
2018-02-24 20:00:00,13520.0,13902.847,-382.84699999999975,382.84699999999975,2.7537309444605107,-0.013341273347607596,1,Medium,48.90883350418383
2018-02-25 18:00:00,13702.0,13331.693,370.3070000000007,370.3070000000007,2.777644219680132,-0.02362061753728617,1,Medium,50.76841559188145
2018-02-25 20:00:00,13993.0,14392.332,-399.33200000000033,399.33200000000033,2.774616372107038,-0.013150348534109013,1,Medium,49.04407559480816
2018-02-26 01:00:00,12133.0,11830.614,302.3860000000004,302.3860000000004,2.555962015158304,-0.014547131304075478,1,Medium,47.53042919319732
2018-02-26 18:00:00,14919.0,14389.575,529.4249999999993,529.4249999999993,3.6792261063999403,-0.03889588671526656,1,Medium,60.42542422249264
2018-02-26 23:00:00,14278.0,13984.045,293.9549999999999,293.9549999999999,2.1020741852589855,-0.003122543751720608,1,Medium,42.062320938772466
2018-02-27 09:00:00,16074.0,16490.883,-416.88300000000163,416.88300000000163,2.5279604494192434,-0.005559603642403377,1,Medium,45.84807932302016
2018-02-27 20:00:00,14922.0,15556.776,-634.7759999999998,634.7759999999998,4.080382721972726,-0.05982962191025876,1,Medium,67.01796218453478
2018-02-28 20:00:00,14712.0,15250.281,-538.2810000000009,538.2810000000009,3.5296464373345042,-0.01077208542209318,1,Medium,54.667837487993964
2018-03-01 23:00:00,14196.0,13828.986,367.0139999999992,367.0139999999992,2.6539472959188704,-0.0003547655852448317,1,Medium,46.00572208963955
2018-03-02 18:00:00,15639.0,15168.613,470.3870000000006,470.3870000000006,3.1010547899138876,-0.009686372987322445,1,Medium,51.07998618694516
2018-03-03 18:00:00,14312.0,13852.202,459.7980000000007,459.7980000000007,3.3193134203500696,-0.015371202253749994,1,Medium,53.74044645602892
2018-03-04 18:00:00,14271.0,13739.999,531.0010000000002,531.0010000000002,3.864636380250102,-0.04305460526463101,1,Medium,62.576593965900656
2018-03-17 20:00:00,14414.0,14960.787,-546.7870000000003,546.7870000000003,3.6548010475652135,-0.04441055308934072,1,Medium,61.126515013442656
2018-03-18 10:00:00,13855.0,14233.845,-378.84499999999935,378.84499999999935,2.6615787933618735,-0.005218701212586607,1,Medium,46.85630936437478
2018-03-30 06:00:00,12989.0,13520.068,-531.0679999999993,531.0679999999993,3.9279979952763497,-0.006351691149162342,1,Medium,57.120859025369754
2018-03-30 22:00:00,13621.0,13261.173,359.8269999999993,359.8269999999993,2.7133874205547226,-0.00037938028674544544,1,Medium,46.482856478191174
2018-04-01 19:00:00,12651.0,12344.657,306.34300000000076,306.34300000000076,2.481583732946171,-0.004928332822426551,1,Medium,45.376415073843276
2018-04-01 22:00:00,13040.0,12768.286,271.71399999999994,271.71399999999994,2.1280381720772854,-0.005434393735242127,2,Medium,42.64440666232751
2018-04-01 23:00:00,12722.0,12334.084,387.91599999999926,387.91599999999926,3.1450734403949188,-0.04922433497068446,2,Medium,57.85083273727358
2018-04-02 06:00:00,14413.0,14866.541,-453.54099999999926,453.54099999999926,3.0507500029764776,-0.027215452991626976,1,Medium,53.52606511433797
2018-04-03 21:00:00,13849.0,14455.564,-606.5640000000003,606.5640000000003,4.196059039965513,-0.028953918991275418,1,High,62.92491194760691
2018-04-04 22:00:00,15301.0,14932.878,368.1219999999994,368.1219999999994,2.4651778444851646,-0.0035229195913427658,2,Medium,45.017604640023535
2018-04-04 23:00:00,14704.0,14207.938,496.0619999999999,496.0619999999999,3.4914426006081944,-0.04399374215742502,2,Medium,59.75851379150467
2018-04-07 09:00:00,15219.0,14759.524,459.47600000000057,459.47600000000057,3.113081424577111,-0.026452690625319075,1,Medium,53.898353898386375
2018-04-16 23:00:00,15252.0,14850.161,401.83899999999994,401.83899999999994,2.7059571946728385,-0.041346600362831776,1,Medium,53.076268621313545
2018-04-18 10:00:00,14558.0,15494.589,-936.5889999999999,936.5889999999999,6.044619834704877,-0.055192856092549536,2,High,81.9001355686414
2018-04-18 11:00:00,15031.0,14000.955,1030.045,1030.045,7.356962435776702,-0.08104193279896077,2,Critical,87.98314546692151
2018-04-18 21:00:00,14521.0,14857.286,-336.28600000000006,336.28600000000006,2.2634416541486786,-0.018744038029320564,1,Medium,45.883521552049004
2018-04-21 01:00:00,12382.0,12030.585,351.4150000000009,351.4150000000009,2.9210134004289974,-0.02071384636152085,1,Medium,51.43759681028797
2018-04-24 00:00:00,10158.0,11765.578,-1607.5779999999995,1607.5779999999995,13.663400132148201,-0.11830130386155746,5,Critical,94.03359387851836
2018-04-24 01:00:00,9929.0,10569.668,-640.6679999999997,640.6679999999997,6.061382438880765,-0.12647514707236562,5,High,93.60890245473118
2018-04-24 02:00:00,9824.0,10304.359,-480.3590000000004,480.3590000000004,4.66170675924626,-0.12368027518115698,5,High,82.01377643529744
2018-04-24 03:00:00,9815.0,10316.853,-501.85299999999916,501.85299999999916,4.864400025860592,-0.13203776743915197,5,High,84.98434451925746
2018-04-24 04:00:00,10088.0,10408.556,-320.5560000000005,320.5560000000005,3.079735556017573,-0.09008306623336648,5,Medium,63.965688674583824
2018-04-24 06:00:00,11791.0,11100.142,690.8580000000002,690.8580000000002,6.2238663253136775,-0.13303889182832473,5,High,95.96812620982084
2018-04-24 07:00:00,12372.0,12833.363,-461.3629999999994,461.3629999999994,3.595028053052028,-0.10817280225420334,5,Medium,71.00490717717952
2018-04-24 08:00:00,12581.0,13215.176,-634.1759999999995,634.1759999999995,4.79884641717976,-0.13973520476187695,5,High,85.71251055281519
2018-04-24 09:00:00,12625.0,13205.609,-580.6090000000004,580.6090000000004,4.396684772356961,-0.1404041492044492,5,High,82.61997333268019
2018-04-24 10:00:00,12599.0,13016.591,-417.59100000000035,417.59100000000035,3.2081441292885393,-0.09862782256107383,5,Medium,66.37536755119817
2018-04-24 12:00:00,12427.0,12729.616,-302.616,302.616,2.3772594554305484,-0.08170257779143197,1,Medium,57.01316638784728
2018-04-24 14:00:00,12232.0,12525.061,-293.0609999999997,293.0609999999997,2.339796987815067,-0.08360473959878989,2,Medium,57.023855908763394
2018-04-24 15:00:00,12111.0,12473.423,-362.4230000000007,362.4230000000007,2.905561689040776,-0.0912702088906231,2,Medium,62.77205950423813
2018-04-24 17:00:00,12074.0,12380.368,-306.3680000000004,306.3680000000004,2.474627571652154,-0.08929264576045137,1,Medium,59.02073716303282
2018-04-24 20:00:00,12427.0,12912.985,-485.9850000000006,485.9850000000006,3.763537245648474,-0.1273400423891735,7,Medium,75.45873924805092
2018-04-24 21:00:00,12357.0,12736.84,-379.84000000000015,379.84000000000015,2.982215368961219,-0.10125781347115914,7,Medium,65.00407497923696
2018-04-24 22:00:00,11502.0,12215.115,-713.1149999999998,713.1149999999998,5.837972053476367,-0.1528885683049349,7,High,96.11978275999712
2018-04-24 23:00:00,10815.0,11518.297,-703.2970000000005,703.2970000000005,6.105911316577446,-0.15504313264309766,7,High,98.60242558553148
2018-04-25 00:00:00,11979.0,10560.284,1418.7160000000003,1418.7160000000003,13.434449300795324,-0.14869386049299593,7,Critical,98.96895888202624
2018-04-25 01:00:00,11585.0,11855.175,-270.1749999999993,270.1749999999993,2.2789625627626693,-0.0950595559410109,7,Medium,58.39973676658969
2018-04-25 02:00:00,11425.0,11734.001,-309.0010000000002,309.0010000000002,2.633381401620813,-0.10778865485377243,7,Medium,63.28791815959071
2018-04-28 16:00:00,12547.0,12033.022,513.9779999999992,513.9779999999992,4.271395830573559,-0.041188297113789685,1,High,65.51129259304847
2018-04-28 23:00:00,12099.0,11794.349,304.65099999999984,304.65099999999984,2.583025141955693,-0.03532038385464076,1,Medium,51.11916114859774
2018-04-29 01:00:00,11552.0,11275.668,276.33200000000033,276.33200000000033,2.4506929434247295,-0.042130894477406144,1,Medium,51.17175085457523
2018-04-29 03:00:00,11505.0,11230.674,274.3259999999991,274.3259999999991,2.4426494794524274,-0.04465431219177496,1,Medium,51.51749668142796
2018-05-06 20:00:00,13247.0,13579.07,-332.0699999999997,332.0699999999997,2.4454546592660593,-0.004462489757954824,1,Medium,45.01318437191625
2018-05-07 04:00:00,10740.0,10201.478,538.5220000000008,538.5220000000008,5.278862533448593,-0.0667447978074357,2,High,77.68067481745815
2018-05-07 05:00:00,11400.0,10991.903,408.09699999999975,408.09699999999975,3.7127056161248855,-0.05198190540586212,2,Medium,62.81692082715719
2018-05-07 08:00:00,13368.0,13851.808,-483.8080000000009,483.8080000000009,3.492742608040776,-0.04419919809551798,2,Medium,59.80222515050549
2018-05-07 09:00:00,13675.0,14113.574,-438.5740000000005,438.5740000000005,3.1074623621203283,-0.03258833359266311,2,Medium,54.84997719285877
2018-05-08 08:00:00,13411.0,13912.141,-501.1409999999996,501.1409999999996,3.602184595455147,-6.987938691582762e-06,1,Medium,53.49711871922398
2018-05-09 08:00:00,13396.0,13939.296,-543.2960000000003,543.2960000000003,3.8975856456452336,-0.004876961325907314,1,Medium,56.63930246857717
2018-05-12 12:00:00,14406.0,14070.814,335.1859999999997,335.1859999999997,2.382136527424779,-0.006784714150745552,1,Medium,44.88627829317855
2018-05-16 09:00:00,14000.0,14497.096,-497.09599999999955,497.09599999999955,3.4289350087769273,-0.022821062551903748,1,Medium,55.82278566454059
2018-05-19 12:00:00,14187.0,13822.014,364.9860000000008,364.9860000000008,2.6406137340043268,-0.0031536015310578147,1,Medium,46.35408370248344
2018-05-20 05:00:00,10544.0,10276.456,267.54399999999987,267.54399999999987,2.6034656305636874,-0.007453057048640077,1,Medium,46.75656556637938
2018-05-27 09:00:00,13354.0,12986.503,367.4969999999994,367.4969999999994,2.829838024909395,-0.014738534576063334,1,Medium,49.74153549941596
2018-05-28 06:00:00,11320.0,11728.903,-408.90300000000025,408.90300000000025,3.486285119759284,-0.016312492143059076,1,Medium,55.222377513775676
2018-05-30 23:00:00,15073.0,14666.819,406.1810000000005,406.1810000000005,2.7693871452289724,-0.017323250677739988,1,Medium,49.68007777082853
2018-06-17 09:00:00,15002.0,14653.096,348.90400000000045,348.90400000000045,2.3810940704954127,-0.018892105881650467,1,Medium,46.84406701369928
2018-06-18 15:00:00,22250.0,21763.746,486.2540000000008,486.2540000000008,2.234238535957922,-0.037069106365545834,1,Medium,48.62682598123094
2018-06-29 19:00:00,20405.0,19873.234,531.7659999999996,531.7659999999996,2.6757899595002987,-0.04511807103587606,1,Medium,53.448579448335366
2018-06-30 12:00:00,19001.0,18600.47,400.52999999999884,400.52999999999884,2.1533326846042,-0.055069542032765595,1,Medium,50.90586575591762
2018-07-01 07:00:00,12761.0,12371.208,389.79199999999946,389.79199999999946,3.150799824883709,-0.06716362029614098,3,Medium,60.80952615355197
2018-07-01 08:00:00,14158.0,13859.413,298.58699999999953,298.58699999999953,2.1543986025959363,-0.040650955335867156,3,Medium,48.572955088552085
2018-07-01 09:00:00,15715.0,15316.14,398.8600000000006,398.8600000000006,2.604180948985845,-0.06373499787440395,3,Medium,55.90173145172312
2018-07-02 14:00:00,20811.0,21461.412,-650.4120000000003,650.4120000000003,3.0306114061833407,-0.027690033723207108,1,Medium,53.44282983715904
2018-07-03 20:00:00,19543.0,20039.03,-496.02999999999884,496.02999999999884,2.475319414163255,-0.029733167294245466,1,Medium,49.354541668223355
2018-07-03 23:00:00,16709.0,16344.142,364.8580000000002,364.8580000000002,2.2323472226318164,-0.04529554869033614,1,Medium,49.947641023269014
2018-07-04 05:00:00,13036.0,13529.931,-493.9310000000005,493.9310000000005,3.650654242065244,-0.06435644798596807,2,Medium,64.33246675036482
2018-07-04 06:00:00,12789.0,13325.841,-536.8410000000003,536.8410000000003,4.028571254902413,-0.06988328151853318,2,Medium,68.23813480983159
2018-07-04 09:00:00,16291.0,15624.107,666.893,666.893,4.26835914526187,-0.0860500830646086,2,High,72.77210487729357
2018-07-04 10:00:00,17847.0,17399.318,447.6820000000007,447.6820000000007,2.5729859066889906,-0.06903023837080136,2,Medium,56.5133018968388
2018-07-04 22:00:00,17086.0,16721.791,364.2089999999989,364.2089999999989,2.178050186131371,-0.039405934094134065,2,Medium,48.55904362961808
2018-07-04 23:00:00,16291.0,15637.861,653.1389999999992,653.1389999999992,4.176651781212272,-0.08695278235456028,2,Medium,72.18871059332282
2018-07-06 09:00:00,15804.0,16158.988,-354.9879999999994,354.9879999999994,2.196845495522364,-0.0029337583161559433,1,Medium,42.786034457587775
2018-07-07 15:00:00,15789.0,15433.0,356.0,356.0,2.3067452860752935,-0.0034518981552181804,1,Medium,43.7449648041124
2018-07-08 06:00:00,10343.0,10642.232,-299.23199999999997,299.23199999999997,2.811740995685867,-0.0066857579586417915,1,Medium,48.28981641225923
2018-07-16 17:00:00,20434.0,19968.799,465.20100000000093,465.20100000000093,2.3296393538740157,-0.009268340166025069,1,Medium,44.87171550119626
